경제,https://newneek.co/post/79XsEE
경제,https://newneek.co/post/ZyVPiO
경제,https://newneek.co/post/zB9XRm
경제,https://newneek.co/post/aTosDd
경제,https://newneek.co/post/HqE1T5
경제,https://newneek.co/post/PKAbbG
경제,https://newneek.co/post/0BKGHl
경제,https://newneek.co/post/LYs15q
경제,https://newneek.co/post/NoN50C
경제,https://newneek.co/post/nCIRWU
경제,https://newneek.co/post/p1VVaD
경제,https://newneek.co/post/0xBxfe
환경,https://newneek.co/post/ITSES7
환경,https://newneek.co/post/HoMYHF
환경,https://newneek.co/post/v8dGMS
환경,https://newneek.co/post/n7IUn1
환경,https://newneek.co/post/Fcff8x
환경,https://newneek.co/post/mXyKMW
환경,https://newneek.co/post/44Z2Sb
환경,https://newneek.co/post/hwg0YK
환경,https://newneek.co/post/nZ5get
환경,https://newneek.co/post/AbBxJM
환경,https://newneek.co/post/AoQpzZ
환경,https://newneek.co/post/3WSGLS
테크,https://newneek.co/post/eBM2Ta
테크,https://newneek.co/post/7saJJJ
테크,https://newneek.co/post/gBz3YL
테크,https://newneek.co/post/t8Vo4E
테크,https://newneek.co/post/KaIqOA
테크,https://newneek.co/post/XBFGZC
테크,https://newneek.co/post/z5k18R
테크,https://newneek.co/post/9dFRSr
테크,https://newneek.co/post/h9ceQq
테크,https://newneek.co/post/P50bo4
테크,https://newneek.co/post/4X058J
테크,https://newneek.co/post/cgBwiq
세계,https://newneek.co/post/JxaC6d
세계,https://newneek.co/post/W1Vral
세계,https://newneek.co/post/ALXSgR
세계,https://newneek.co/post/Mf5qWs
세계,https://newneek.co/post/sJ59vL
세계,https://newneek.co/post/RHzo4O
세계,https://newneek.co/post/v8dGMS
세계,https://newneek.co/post/9SaZwW
세계,https://newneek.co/post/aovDPe
세계,https://newneek.co/post/2iBcwG
세계,https://newneek.co/post/TKdlm2
세계,https://newneek.co/post/5ENuA2
라이프,https://newneek.co/post/79XsEE
라이프,https://newneek.co/post/uXfVeF
라이프,https://newneek.co/post/EY7WK1
라이프,https://newneek.co/post/MQtU2L
라이프,https://newneek.co/post/WATbzr
라이프,https://newneek.co/post/MxoVC5
라이프,https://newneek.co/post/44Z2Sb
라이프,https://newneek.co/post/4485PA
라이프,https://newneek.co/post/PNx7Nn
라이프,https://newneek.co/post/g6lXS6
라이프,https://newneek.co/post/zEMLl2
라이프,https://newneek.co/post/inXXY5
인권,https://newneek.co/post/XP9BOW
인권,https://newneek.co/post/UJSoU9
인권,https://newneek.co/post/ulqOve
인권,https://newneek.co/post/sYmWsT
인권,https://newneek.co/post/Z9gxZN
인권,https://newneek.co/post/SUjrr3
인권,https://newneek.co/post/EFf6n6
인권,https://newneek.co/post/JXkyeb
인권,https://newneek.co/post/oCneM7
인권,https://newneek.co/post/j3TeWH
인권,https://newneek.co/post/vwxAOp
인권,https://newneek.co/post/jBGlUO
노동,https://newneek.co/post/XP9BOW
노동,https://newneek.co/post/FTIeVd
노동,https://newneek.co/post/0bH9Fl
노동,https://newneek.co/post/2018dm
노동,https://newneek.co/post/DKnkMv
노동,https://newneek.co/post/rsgXN7
노동,https://newneek.co/post/JXkyeb
노동,https://newneek.co/post/B5MDkA
노동,https://newneek.co/post/iw16K3
노동,https://newneek.co/post/FTAvLu
노동,https://newneek.co/post/szfbaP
노동,https://newneek.co/post/ZFEQOC
정치,https://newneek.co/post/CeZyj6
정치,https://newneek.co/post/CiBCdh
정치,https://newneek.co/post/ci3D0N
정치,https://newneek.co/post/8Ng59I
정치,https://newneek.co/post/2G8DJR
정치,https://newneek.co/post/VT0bcv
정치,https://newneek.co/post/MB6ZgX
정치,https://newneek.co/post/IJyzVa
정치,https://newneek.co/post/tr5fw5
정치,https://newneek.co/post/9SaZwW
정치,https://newneek.co/post/ygco05
정치,https://newneek.co/post/6ooe9L
사회,https://newneek.co/post/PpJhA9
사회,https://newneek.co/post/2G8DJR
사회,https://newneek.co/post/6RlC3r
사회,https://newneek.co/post/QUQXh5
사회,https://newneek.co/post/MxoVC5
사회,https://newneek.co/post/sYmWsT
사회,https://newneek.co/post/I52ROV
사회,https://newneek.co/post/OYzz9E
사회,https://newneek.co/post/uh2Rq1
사회,https://newneek.co/post/44Z2Sb
사회,https://newneek.co/post/Z9gxZN
사회,https://newneek.co/post/2ch31u
문화,https://newneek.co/post/jGX0lA
문화,https://newneek.co/post/pZBJHx
문화,https://newneek.co/post/DkEpXq
문화,https://newneek.co/post/yj4HPc
문화,https://newneek.co/post/WATbzr
문화,https://newneek.co/post/RhBAEA
문화,https://newneek.co/post/OxHcRU
문화,https://newneek.co/post/XD2Vih
문화,https://newneek.co/post/ulqOve
문화,https://newneek.co/post/sYmWsT
문화,https://newneek.co/post/2iBcwG
문화,https://newneek.co/post/PNx7Nn
